lambda,topn,tp,tn,fp,fn,accuracy,precision,recall,f1
0,---,709,3755,0,6958,0.39082472421642445,1.0,0.09247424025042389,0.1692932187201528
2,---,5711,3731,24,1956,0.8266503239362634,0.9958151700087184,0.7448806573627234,0.8522608565885689
1,---,5842,3732,23,1825,0.8382069690071792,0.996078431372549,0.7619668710056084,0.8634348211646469
0.5,---,5946,3732,23,1721,0.8473122045175976,0.9961467582509633,0.7755314986304943,0.872103256086829
0.1,---,6139,3734,21,1528,0.8643845210996323,0.9965909090909091,0.8007043172035998,0.887972806827222
0.005,---,6359,3732,23,1308,0.8834704955349326,0.9963961140708242,0.8293987217947045,0.9052601608655421
0.005,200,7468,3630,125,199,0.9716336893713885,0.9835374687211905,0.974044606756228,0.9787680209698557
0.005,100,7477,3626,129,190,0.9720714410786202,0.9830397054956613,0.9752184687622277,0.9791134682118772
